0,0,0,0.033234149
0.001,48.17536741,1.07E-06,0.033234149
0.002,84.43279255,5.16E-06,0.087710554
0.003,99.80267284,1.32E-05,0.119107916
0.004,90.48270525,2.48E-05,0.113500786
0.005,58.77852523,3.99E-05,0.085376033
0.006,12.53332336,5.99E-05,0.07710367
0.007,-36.81245527,8.90E-05,0.105209309
0.008,-77.05132428,0.000126,0.117918535
0.009,-98.22872507,0.000175,0.073788405
0.01,-95.10565163,0.00023,-2.83E-04
0.011,-68.45471059,0.000296,-0.080450425
0.012,-24.86898872,0.00036,-0.160214162
0.013,24.86898872,0.00044,-0.20646156
0.014,68.45471059,0.00053,-0.200203443
0.015,95.10565163,0.00061,-0.159899652
0.016,98.22872507,0.0007,-0.116054109
0.017,77.05132428,0.00079,-0.094039862
0.018,36.81245527,0.00088,-0.074714418
0.019,-12.53332336,0.00096,-0.016481678
0.02,-58.77852523,0.00106,0.072515364
0.021,-90.48270525,0.00114,0.150746281
0.022,-99.80267284,0.00122,0.196472316
0.023,-84.43279255,0.00135,0.202768645
0.024,-48.17536741,0.0014,0.154563256
0.025,-4.90E-14,0.0015,0.058991921
0.026,48.17536741,0.0015,-0.03187377
0.027,84.43279255,0.0017,-0.080824301
0.028,99.80267284,0.0018,-0.102790727
0.029,90.48270525,0.0018,-0.127912143
0.03,58.77852523,0.002,-0.166496381
0.031,12.53332336,0.0021,-0.199081156
0.032,-36.81245527,0.0021,-0.198601614
0.033,-77.05132428,0.0022,-0.162388508
0.034,-98.22872507,0.0024,-0.097482869
0.035,-95.10565163,0.0023,-0.007688458
0.036,-68.45471059,0.0025,0.074161709
0.037,-24.86898872,0.0025,0.103027506
0.038,24.86898872,0.0026,0.086111795
0.039,68.45471059,0.0026,0.070006971
0.04,95.10565163,0.0026,0.077032813
0.041,98.22872507,0.0027,0.093338761
0.042,77.05132428,0.0026,0.096834462
0.043,36.81245527,0.0027,0.075709981
0.044,-12.53332336,0.0027,0.028429962
0.045,-58.77852523,0.0027,-0.038790668
0.046,-90.48270525,0.0027,-0.104873052
0.047,-99.80267284,0.0027,-0.137043341
0.048,-84.43279255,0.0027,-0.124729868
0.049,-48.17536741,0.0027,-0.102084994
0.05,-9.80E-14,0.0026,-0.104957829
0.051,48.17536741,0.0026,-0.121305459
0.052,84.43279255,0.0026,-0.118175712
0.053,99.80267284,0.0025,-0.083957902
0.054,90.48270525,0.0024,-0.019485955
0.055,58.77852523,0.0023,0.068749209
0.056,12.53332336,0.0023,0.154552361
0.057,-36.81245527,0.0021,0.20109633
0.058,-77.05132428,0.002,0.191477761
0.059,-98.22872507,0.0019,0.147222826
0.06,-95.10565163,0.0018,0.107370013
0.061,-68.45471059,0.0016,0.082353073
0.062,-24.86898872,0.0015,0.048378765
0.063,24.86898872,0.0009,-0.009863688
0.064,68.45471059,0.002,-0.08208511
0.065,95.10565163,0.001,-0.153625023
0.066,98.22872507,0,-0.207177768
0.067,77.05132428,0.001,-0.212809078
0.068,36.81245527,0.001,-0.153985085
0.069,-12.53332336,0,-0.057354241
0.07,-58.77852523,0,0.028765083
0.071,-90.48270525,0,0.079849643
0.072,-99.80267284,0,0.107602073
0.073,-84.43279255,0,0.133720371
0.074,-48.17536741,-0.001,0.162444687
0.075,-1.47E-13,-0.001,0.183722968
0.076,48.17536741,-0.001,0.188372137
0.077,84.43279255,-0.001,0.163625838
0.078,99.80267284,-0.0015,0.096537055
0.079,90.48270525,-0.0017,0.003740389
0.08,58.77852523,-0.0018,-0.068722522
0.081,12.53332336,-0.0021,-0.092696592
0.082,-36.81245527,-0.0023,-0.082988097
0.083,-77.05132428,-0.0025,-0.07040037
0.084,-98.22872507,-0.0026,-0.070058938
0.085,-95.10565163,-0.0029,-0.078451115
0.086,-68.45471059,-0.003,-0.084057917
0.087,-24.86898872,-0.0032,-0.071529172
0.088,24.86898872,-0.0034,-0.026325024
0.089,68.45471059,-0.0035,0.047144904
0.09,95.10565163,-0.0038,0.115278806
0.091,98.22872507,-0.0039,0.144089516
0.092,77.05132428,-0.004,0.137153627
0.093,36.81245527,-0.0042,0.12501373
0.094,-12.53332336,-0.0044,0.12451027
0.095,-58.77852523,-0.0045,0.128853493
0.096,-90.48270525,-0.0047,0.124289709
0.097,-99.80267284,-0.0047,0.09639934
0.098,-84.43279255,-0.0049,0.033062303
0.099,-48.17536741,-0.0049,-0.059505272
0.1,-1.96E-13,-0.005,-0.147450239
0.101,48.17536741,-0.0051,-0.190652122
0.102,84.43279255,-0.0051,-0.178959034
0.103,99.80267284,-0.00519,-0.138364844
0.104,90.48270525,-0.005206,-0.097126426
0.105,58.77852523,-0.005224,-0.059849062
0.106,12.53332336,-0.00525,-0.018468919
0.107,-36.81245527,-0.00523,0.032387219
0.108,-77.05132428,-0.0053,0.096235202
0.109,-98.22872507,-0.0052,0.168188209
0.11,-95.10565163,-0.0052,0.221526529
0.111,-68.45471059,-0.0052,0.221152769
0.112,-24.86898872,-0.0052,0.159056443
0.113,24.86898872,-0.005,0.065657233
0.114,68.45471059,-0.0051,-0.018441006
0.115,95.10565163,-0.0049,-0.074512794
0.116,98.22872507,-0.0048,-0.107556988
0.117,77.05132428,-0.0048,-0.128602009
0.118,36.81245527,-0.0046,-0.146388918
0.119,-12.53332336,-0.0044,-0.165438517
0.12,-58.77852523,-0.0043,-0.175397744
0.121,-90.48270525,-0.0042,-0.151620778
0.122,-99.80267284,-0.004,-0.083958634
0.123,-84.43279255,-0.0038,0.002371498
0.124,-48.17536741,-0.0037,0.067865586
0.125,-2.45E-13,-0.0034,0.093985768
0.126,48.17536741,-0.0031,0.090237221
0.127,84.43279255,-0.003,0.076560251
0.128,99.80267284,-0.003,0.068860128
0.129,90.48270525,-0.003,0.073986807
0.13,58.77852523,-0.003,0.083776463
0.131,12.53332336,-0.002,0.074321193
0.132,-36.81245527,-0.002,0.026536235
0.133,-77.05132428,-0.002,-0.047916486
0.134,-98.22872507,-0.001,-0.113384236
0.135,-95.10565163,-0.002,-0.145509901
0.136,-68.45471059,-0.001,-0.148602149
0.137,-24.86898872,-0.001,-0.140208383
0.138,24.86898872,-0.001,-0.13329749
0.139,68.45471059,0,-0.131916389
0.14,95.10565163,0,-0.128399764
0.141,98.22872507,0,-0.102615163
0.142,77.05132428,0,-0.037673583
0.143,36.81245527,0,0.056175242
0.144,-12.53332336,0.001,0.140879306
0.145,-58.77852523,0.001,0.181367301
0.146,-90.48270525,0.001,0.172701788
0.147,-99.80267284,0.001,0.133679909
0.148,-84.43279255,0.002,0.084457794
0.149,-48.17536741,0.002,0.037001049
0.15,-2.94E-13,0.002,-0.005709156
0.151,48.17536741,0.002,-0.052095999
0.152,84.43279255,0.002,-0.113800184
0.153,99.80267284,0.002,-0.184369658
0.154,90.48270525,0.003,-0.232753789
0.155,58.77852523,0.003,-0.227809121
0.156,12.53332336,0.003,-0.167320082
0.157,-36.81245527,0.0027,-0.078204103
0.158,-77.05132428,0.0032,0.007132033
0.159,-98.22872507,0.0034,0.068744099
0.16,-95.10565163,0.0034,0.101806444
0.161,-68.45471059,0.0036,0.115591173
0.162,-24.86898872,0.0036,0.127889218
0.163,24.86898872,0.0037,0.146630576
0.164,68.45471059,0.0038,0.155927654
0.165,95.10565163,0.0038,0.130960273
0.166,98.22872507,0.0039,0.067498146
0.167,77.05132428,0.0039,-0.010935676
0.168,36.81245527,0.0039,-0.073761871
0.169,-12.53332336,0.004,-0.104219935
0.17,-58.77852523,0.004,-0.103659192
0.171,-90.48270525,0.0039,-0.087018228
0.172,-99.80267284,0.004,-0.075419016
0.173,-84.43279255,0.004,-0.081072963
0.174,-48.17536741,0.004,-0.09240473
0.175,-3.43E-13,0.0039,-0.081590419
0.176,48.17536741,0.0039,-0.033472437
0.177,84.43279255,0.0039,0.037755697
0.178,99.80267284,0.0038,0.103066592
0.179,90.48270525,0.0037,0.142432146
0.18,58.77852523,0.0036,0.152969816
0.181,12.53332336,0.00352,0.144567437
0.182,-36.81245527,0.00343,0.133187639
0.183,-77.05132428,0.003326,0.129507257
0.184,-98.22872507,0.003214,0.125693517
0.185,-95.10565163,0.00311,0.098160968
0.186,-68.45471059,0.003,0.03189426
0.187,-24.86898872,0.0029,-0.058914778
0.188,24.86898872,0.0028,-0.139353781
0.189,68.45471059,0.0026,-0.180495339
0.19,95.10565163,0.0026,-0.174723555
0.191,98.22872507,0.0024,-0.132750184
0.192,77.05132428,0.0023,-0.075123072
0.193,36.81245527,0.0021,-0.021737164
0.194,-12.53332336,0.0021,0.021838802
0.195,-58.77852523,0.0019,0.067854652
0.196,-90.48270525,0.0017,0.128602373
0.197,-99.80267284,0.0016,0.194718657
0.198,-84.43279255,0.0015,0.237043928
0.199,-48.17536741,0.0013,0.230758403
0.2,-3.92E-13,0.0012,0.174291741
0.201,48.17536741,0.0011,0.087607441
0.202,84.43279255,0.0009,-2.74E-04
0.203,99.80267284,0.0008,-0.063883076
0.204,90.48270525,0.0007,-0.093908408
0.205,58.77852523,0.0006,-0.103031999
0.206,12.53332336,0.0004,-0.112535329
0.207,-36.81245527,0.0004,-0.12829118
0.208,-77.05132428,0.0003,-0.133883566
0.209,-98.22872507,0.0002,-0.109312902
0.21,-95.10565163,1.00E-04,-0.0520887
0.211,-68.45471059,0,0.020545068
0.212,-24.86898872,0,0.083703233
0.213,24.86898872,-1.00E-04,0.117720066
0.214,68.45471059,-0.0002,0.118137037
0.215,95.10565163,-0.0003,0.100199726
0.216,98.22872507,-0.0003,0.088612514
0.217,77.05132428,-0.0004,0.094749962
0.218,36.81245527,-0.0005,0.104494642
0.219,-12.53332336,-0.0004,0.092586253
0.22,-58.77852523,-0.0005,0.047299704
0.221,-90.48270525,-0.0005,-0.020765766
0.222,-99.80267284,-0.0006,-0.088583737
0.223,-84.43279255,-0.0005,-0.134651641
0.224,-48.17536741,-0.0005,-0.149338729
0.225,-4.41E-13,-0.0005,-0.140374583
0.226,48.17536741,-0.0005,-0.127029228
0.227,84.43279255,-0.0004,-0.121443451
0.228,99.80267284,-0.0005,-0.114271604
0.229,90.48270525,-0.0004,-0.083406633
0.23,58.77852523,-0.0003,-0.018058708
0.231,12.53332336,-0.0003,0.068250344
0.232,-36.81245527,-0.0003,0.146448039
0.233,-77.05132428,-0.0003,0.189202319
0.234,-98.22872507,-0.0002,0.183615921
0.235,-95.10565163,-0.0001,0.137132238
0.236,-68.45471059,-0.0001,0.073581976
0.237,-24.86898872,0,0.01626435
0.238,24.86898872,0,-0.029929977
0.239,68.45471059,0.0001,-0.07741253
0.24,95.10565163,0.0002,-0.135718533
0.241,98.22872507,0.0003,-0.195466827
0.242,77.05132428,0.0003,-0.23304515
0.243,36.81245527,0.0004,-0.227674746
0.244,-12.53332336,0.0005,-0.174540227
0.245,-58.77852523,0.0006,-0.088728593
0.246,-90.48270525,0.0007,-1.08E-04
0.247,-99.80267284,0.0007,0.062420932
0.248,-84.43279255,0.0008,0.089855761
0.249,-48.17536741,0.0009,0.096714129
0.25,-4.90E-13,0.0009,0.103013436
0.251,48.17536741,0.001,0.113508007
0.252,84.43279255,0.001,0.115449027
0.253,99.80267284,0.0011,0.092980688
0.254,90.48270525,0.0011,0.041372763
0.255,58.77852523,0.0012,-0.028109854
0.256,12.53332336,0.0012,-0.092219452
0.257,-36.81245527,0.0012,-0.128121934
0.258,-77.05132428,0.0013,-0.129754834
0.259,-98.22872507,0.0013,-0.113511706
0.26,-95.10565163,0.0014,-0.103367621
0.261,-68.45471059,0.0013,-0.10840908
0.262,-24.86898872,0.0014,-0.115943944
0.263,24.86898872,0.0014,-0.104872191
0.264,68.45471059,0.0014,-0.063334691
0.265,95.10565163,0.0013,0.003081829
0.266,98.22872507,0.0014,0.073806691
0.267,77.05132428,0.0013,0.124163469
0.268,36.81245527,0.0012,0.141146532
0.269,-12.53332336,0.0012,0.132617775
0.27,-58.77852523,0.0011,0.118282028
0.271,-90.48270525,0.0011,0.109031496
0.272,-99.80267284,0.001,0.096416418
0.273,-84.43279255,0.0009,0.062760923
0.274,-48.17536741,0.0009,-5.42E-04
0.275,8.82E-13,0.0007,-0.0835413
0.276,48.17536741,0.0007,-0.16099693
0.277,84.43279255,0.0006,-0.204239164
0.278,99.80267284,0.0004,-0.197142958
0.279,90.48270525,0.0004,-0.147196307
0.28,58.77852523,0.0002,-0.07998219
0.281,12.53332336,0.0002,-0.018798738
0.282,-36.81245527,0,0.031298276
0.283,-77.05132428,-0.0002,0.079724002
0.284,-98.22872507,-0.0003,0.133756856
0.285,-95.10565163,-0.0004,0.187089092
0.286,-68.45471059,-0.0006,0.221396361
0.287,-24.86898872,-0.0008,0.216807827
0.288,24.86898872,-0.001,0.165389542
0.289,68.45471059,-0.0011,0.080696451
0.29,95.10565163,-0.0012,-0.006400037
0.291,98.22872507,-0.0015,-0.067077435
0.292,77.05132428,-0.0016,-0.093406212
0.293,36.81245527,-0.0018,-0.098673467
0.294,-12.53332336,-0.0019,-0.10064243
0.295,-58.77852523,-0.0021,-0.105553684
0.296,-90.48270525,-0.0022,-0.105218837
0.297,-99.80267284,-0.0024,-0.085285571
0.298,-84.43279255,-0.0026,-0.037604678
0.299,-48.17536741,-0.0027,0.029910049
0.3,-5.88E-13,-0.0029,0.094036937
0.301,48.17536741,-0.003,0.131228942
0.302,84.43279255,-0.0032,0.135773633
0.303,99.80267284,-0.0033,0.123006152
0.304,90.48270525,-0.0035,0.113964546
0.305,58.77852523,-0.0037,0.117197142
0.306,12.53332336,-0.0038,0.12347429
0.307,-36.81245527,-0.0039,0.114255225
0.308,-77.05132428,-0.004,0.075634986
0.309,-98.22872507,-0.0041,0.009907954
0.31,-95.10565163,-0.00425,-0.062488465
0.311,-68.45471059,-0.00431,-0.115062285
0.312,-24.86898872,-0.004398,-0.134039475
0.313,24.86898872,-0.004462,-0.126635767
0.314,68.45471059,-0.00452,-0.110493658
0.315,95.10565163,-0.00456,-0.095771026
0.316,98.22872507,-0.0046,-0.077334502
0.317,77.05132428,-0.0047,-0.041570431
0.318,36.81245527,-0.0046,0.020291815
0.319,-12.53332336,-0.0047,0.101513756
0.32,-58.77852523,-0.0048,0.17823311
0.321,-90.48270525,-0.0047,0.220661493
0.322,-99.80267284,-0.0047,0.212120167
0.323,-84.43279255,-0.0047,0.160493085
0.324,-48.17536741,-0.0046,0.090695965
0.325,7.84E-13,-0.0047,0.025314789
0.326,48.17536741,-0.0045,-0.028417515
0.327,84.43279255,-0.0045,-0.076265484
0.328,99.80267284,-0.0044,-0.125262413
0.329,90.48270525,-0.0043,-0.172924345
0.33,58.77852523,-0.0042,-0.204130542
0.331,12.53332336,-0.0041,-0.198939692
0.332,-36.81245527,-0.0039,-0.148390771
0.333,-77.05132428,-0.0039,-0.065815083
0.334,-98.22872507,-0.0036,0.018802854
0.335,-95.10565163,-0.0038,0.078322809
0.336,-68.45471059,-0.003,0.104493912
0.337,-24.86898872,-0.003,0.107917869
0.338,24.86898872,-0.003,0.105333229
0.339,68.45471059,-0.003,0.105794435
0.34,95.10565163,-0.003,0.104293732
0.341,98.22872507,-0.002,0.086320264
0.342,77.05132428,-0.003,0.0415011
0.343,36.81245527,-0.002,-0.023679344
0.344,-12.53332336,-0.002,-0.086879039
0.345,-58.77852523,-0.001,-0.125804253
0.346,-90.48270525,-0.002,-0.134530767
0.347,-99.80267284,-0.001,-0.125443779
0.348,-84.43279255,-0.001,-0.116967882
0.349,-48.17536741,0,-0.118762569
0.35,-6.86E-13,-0.001,-0.124643105
0.351,48.17536741,0,-0.116889894
0.352,84.43279255,0,-0.079952841
0.353,99.80267284,0,-0.01491454
0.354,90.48270525,0.001,0.057789567
0.355,58.77852523,0.001,0.111788092
0.356,12.53332336,0.001,0.133009431
0.357,-36.81245527,0.001,0.126416274
0.358,-77.05132428,0.001,0.107164748
0.359,-98.22872507,0.002,0.086255258
0.36,-95.10565163,0.002,0.062342762
0.361,-68.45471059,0.002,0.024306661
0.362,-24.86898872,0.002,-0.037321506
0.363,24.86898872,0.003,-0.117367758
0.364,68.45471059,0.002,-0.192569299
0.365,95.10565163,0.003,-0.233639457
0.366,98.22872507,0.004,-0.224542721
0.367,77.05132428,0.003,-0.172406502
0.368,36.81245527,0.0034,-0.100340759
0.369,-12.53332336,0.0036,-0.031128565
0.37,-58.77852523,0.0039,0.024910016
0.371,-90.48270525,0.0039,0.071003681
0.372,-99.80267284,0.0041,0.115077554
0.373,-84.43279255,0.0043,0.157400199
0.374,-48.17536741,0.0043,0.184670603
0.375,-2.16E-12,0.0044,0.177713743
0.376,48.17536741,0.0045,0.128027832
0.377,84.43279255,0.0046,0.048158574
0.378,99.80267284,0.0047,-0.034263621
0.379,90.48270525,0.0047,-0.093504712
0.38,58.77852523,0.0048,-0.119779658
0.381,12.53332336,0.0049,-0.121354259
0.382,-36.81245527,0.0049,-0.115163507
0.383,-77.05132428,0.0049,-0.112625756
0.384,-98.22872507,0.0049,-0.110351626
0.385,-95.10565163,0.0049,-0.093758578
0.386,-68.45471059,0.0049,-0.051813128
0.387,-24.86898872,0.0049,0.010189606
0.388,24.86898872,0.00491,0.072121807
0.389,68.45471059,0.00482,0.113254819
0.39,95.10565163,0.004757,0.126267729
0.391,98.22872507,0.004683,0.1202954
0.392,77.05132428,0.00463,0.112270549
0.393,36.81245527,0.0045,0.11319358
0.394,-12.53332336,0.0044,0.118626033
0.395,-58.77852523,0.0043,0.111218827
0.396,-90.48270525,0.0042,0.07513728
0.397,-99.80267284,0.004,0.011129695
0.398,-84.43279255,0.004,-0.061336397
0.399,-48.17536741,0.0038,-0.116867072
0.4,-7.84E-13,0.0037,-0.140350657
0.401,48.17536741,0.0035,-0.133828069
0.402,84.43279255,0.0034,-0.110825165
0.403,99.80267284,0.0033,-0.083949367
0.404,90.48270525,0.0031,-0.05478574
0.405,58.77852523,0.003,-0.013808407
0.406,12.53332336,0.0027,0.048338138
0.407,-36.81245527,0.0026,0.126934058
0.408,-77.05132428,0.0024,0.199891103
0.409,-98.22872507,0.0023,0.23963584
0.41,-95.10565163,0.002,0.230589455
0.411,-68.45471059,0.0019,0.178230291
0.412,-24.86898872,0.0016,0.104136985
0.413,24.86898872,0.0015,0.032115719
0.414,68.45471059,0.0013,-0.024906414
0.415,95.10565163,0.0012,-0.068798078
0.416,98.22872507,0.0009,-0.108179665
0.417,77.05132428,0.0009,-0.144859528
0.418,36.81245527,0.0006,-0.167288664
0.419,-12.53332336,0.0005,-0.158136544
0.42,-58.77852523,0.0003,-0.109544791
0.421,-90.48270525,0.0002,-0.032316593
0.422,-99.80267284,0,0.048526262
0.423,-84.43279255,-0.0001,0.107872808
0.424,-48.17536741,-0.0002,0.134312732
0.425,-2.25E-12,-0.0005,0.134720512
0.426,48.17536741,-0.0005,0.126390231
0.427,84.43279255,-0.0007,0.121946446
0.428,99.80267284,-0.0008,0.119012913
0.429,90.48270525,-0.0009,0.103790039
0.43,58.77852523,-0.0011,0.06526031
0.431,12.53332336,-0.0011,0.006944238
0.432,-36.81245527,-0.0013,-0.05374138
0.433,-77.05132428,-0.0013,-0.097005155
0.434,-98.22872507,-0.0013,-0.113637639
0.435,-95.10565163,-0.0015,-0.110202089
0.436,-68.45471059,-0.0015,-0.102713343
0.437,-24.86898872,-0.0015,-0.10279001
0.438,24.86898872,-0.0016,-0.10693736
0.439,68.45471059,-0.0016,-0.098737986
0.44,95.10565163,-0.0016,-0.063039761
0.441,98.22872507,-0.0017,-7.04E-05
0.442,77.05132428,-0.0016,0.072381554
0.443,36.81245527,-0.0017,0.129704091
0.444,-12.53332336,-0.0017,0.155170034
0.445,-58.77852523,-0.0017,0.148292209
0.446,-90.48270525,-0.0017,0.121762913
0.447,-99.80267284,-0.0017,0.089511092
0.448,-84.43279255,-0.0016,0.055134205
0.449,-48.17536741,-0.0017,0.010786043
0.45,-8.82E-13,-0.0015,-0.051856591
0.451,48.17536741,-0.0016,-0.128397587
0.452,84.43279255,-0.0014,-0.19869655
0.453,99.80267284,-0.0015,-0.23712604
0.454,90.48270525,-0.0013,-0.228038699
0.455,58.77852523,-0.0013,-0.175270763
0.456,12.53332336,-0.0012,-0.09956392
0.457,-36.81245527,-0.0011,-0.02575209
0.458,-77.05132428,-0.0011,0.031568082
0.459,-98.22872507,-0.0009,0.073293607
0.46,-95.10565163,-0.001,0.10802022
0.461,-68.45471059,-0.0008,0.138619452
0.462,-24.86898872,-0.0008,0.155818207
0.463,24.86898872,-0.0007,0.14454252
0.464,68.45471059,-0.0007,0.097109635
0.465,95.10565163,-0.0005,0.022206923
0.466,98.22872507,-0.0005,-0.057306715
0.467,77.05132428,-0.0005,-0.116655273
0.468,36.81245527,-0.0003,-0.143444661
0.469,-12.53332336,-0.0003,-0.143694404
0.47,-58.77852523,-0.0002,-0.134476776
0.471,-90.48270525,-1.00E-04,-0.128810185
0.472,-99.80267284,-0.0001,-0.125486678
0.473,-84.43279255,0.0001,-0.112049637
0.474,-48.17536741,0,-0.077365797
0.475,-2.35E-12,0.0002,-0.022790779
0.476,48.17536741,0.0001,0.036644323
0.477,84.43279255,0.0002,0.081532892
0.478,99.80267284,0.0003,0.101053292
0.479,90.48270525,0.0002,0.099848697
0.48,58.77852523,0.0003,0.092836456
0.481,12.53332336,0.0002,0.09151314
0.482,-36.81245527,0.0003,0.093303023
0.483,-77.05132428,0.0003,0.083403912
0.484,-98.22872507,0.0003,0.047572626
0.485,-95.10565163,0.0002,-0.014859916
0.486,-68.45471059,0.0003,-0.087787861
0.487,-24.86898872,0.0002,-0.146939772
0.488,24.86898872,0.0003,-0.174085196
0.489,68.45471059,0.0002,-0.166936091
0.49,95.10565163,0.0001,-0.137539206
0.491,98.22872507,0.0001,-0.100500288
0.492,77.05132428,1.00E-04,-0.061072636
0.493,36.81245527,0,-0.013545174
0.494,-12.53332336,0,0.049027723
0.495,-58.77852523,-1.00E-04,0.122918822
0.496,-90.48270525,-0.0003,0.190216467
0.497,-99.80267284,-0.0003,0.226942218
0.498,-84.43279255,-0.0004,0.217245374
0.499,-48.17536741,-0.0005,0.163837258
0.5,-9.80E-13,-0.0006,0.086949518
0.501,48.17536741,-0.0007,0.011905487
0.502,84.43279255,-0.0009,-0.045643947
0.503,99.80267284,-0.0009,-0.085430388
0.504,90.48270525,-0.001,-0.115548511
0.505,58.77852523,-0.0012,-0.140032955
0.506,12.53332336,-0.0012,-0.15220491
0.507,-36.81245527,-0.0014,-0.139049631
0.508,-77.05132428,-0.0015,-0.092719684
0.509,-98.22872507,-0.0016,-0.02002943
0.51,-95.10565163,-0.0017,0.057916743
0.511,-68.45471059,-0.0019,0.116959078
0.512,-24.86898872,-0.002,0.144348074
0.513,24.86898872,-0.0021,0.145219385
0.514,68.45471059,-0.0022,0.135827671
0.515,95.10565163,-0.00238,0.129367188
0.516,98.22872507,-0.00249,0.126054894
0.517,77.05132428,-0.00262,0.114769023
0.518,36.81245527,-0.0027347,0.083958504
0.519,-12.53332336,-0.0028453,0.032941452
0.52,-58.77852523,-0.00294,-0.025107899
0.521,-90.48270525,-0.00304,-0.071099497
0.522,-99.80267284,-0.00315,-0.093107168
0.523,-84.43279255,-0.0032,-0.09403889
0.524,-48.17536741,-0.0033,-0.08726033
0.525,3.92E-13,-0.0033,-0.083845071
0.526,48.17536741,-0.0034,-0.08243049
0.527,84.43279255,-0.0035,-0.070111056
0.528,99.80267284,-0.0035,-0.033422136
0.529,90.48270525,-0.0036,0.029217125
0.53,58.77852523,-0.0036,0.102991091
0.531,12.53332336,-0.0037,0.163825447
0.532,-36.81245527,-0.0036,0.192502763
0.533,-77.05132428,-0.0037,0.185414527
0.534,-98.22872507,-0.0038,0.153760293
0.535,-95.10565163,-0.0037,0.112423447
0.536,-68.45471059,-0.0037,0.068390349
0.537,-24.86898872,-0.0037,0.018337198
0.538,24.86898872,-0.0036,-0.043440435
0.539,68.45471059,-0.0036,-0.114125686
0.54,95.10565163,-0.0036,-0.177872948
0.541,98.22872507,-0.0034,-0.212128989
0.542,77.05132428,-0.0034,-0.2011348
0.543,36.81245527,-0.0033,-0.146934917
0.544,-12.53332336,-0.0032,-0.069121862
0.545,-58.77852523,-0.0031,0.007035748
0.546,-90.48270525,-0.0029,0.065014642
0.547,-99.80267284,-0.0029,0.103150039
0.548,-84.43279255,-0.0028,0.12898443
0.549,-48.17536741,-0.003,0.14788143
0.55,1.76E-12,-0.002,0.155631579
0.551,48.17536741,-0.002,0.140927544
0.552,84.43279255,-0.002,0.095793579
0.553,99.80267284,-0.002,0.025582501
0.554,90.48270525,-0.002,-0.050283815
0.555,58.77852523,-0.002,-0.108692753
0.556,12.53332336,-0.001,-0.13679588
0.557,-36.81245527,-0.002,-0.138597959
0.558,-77.05132428,-0.001,-0.129283669
0.559,-98.22872507,0,-0.122280507
0.56,-95.10565163,-0.001,-0.119215788
0.561,-68.45471059,0,-0.110030806
0.562,-24.86898872,-0.001,-0.082712814
0.563,24.86898872,0.001,-0.034958127
0.564,68.45471059,0,0.02161345
0.565,95.10565163,0,0.068467534
0.566,98.22872507,0.001,0.092895456
0.567,77.05132428,0.001,0.095952319
0.568,36.81245527,0.001,0.089176581
0.569,-12.53332336,0.002,0.083254015
0.57,-58.77852523,0.001,0.078189289
0.571,-90.48270525,0.002,0.0628908
0.572,-99.80267284,0.002,0.024608753
0.573,-84.43279255,0.002,-0.038832738
0.574,-48.17536741,0.003,-0.113560352
0.575,-2.55E-12,0.003,-0.175868079
0.576,48.17536741,0.003,-0.206024584
0.577,84.43279255,0.0027,-0.199244938
0.578,99.80267284,0.0033,-0.165687868
0.579,90.48270525,0.0035,-0.120464594
0.58,58.77852523,0.0037,-0.072421481
0.581,12.53332336,0.0039,-0.020549002
0.582,-36.81245527,0.0041,0.039836747
0.583,-77.05132428,0.0042,0.106775677
0.584,-98.22872507,0.0043,0.166230835
0.585,-95.10565163,0.0045,0.197138686
0.586,-68.45471059,0.0046,0.184246156
0.587,-24.86898872,0.0047,0.129114309
0.588,24.86898872,0.0048,0.050424851
0.589,68.45471059,0.0049,-0.026894292
0.59,95.10565163,0.005,-0.085470144
0.591,98.22872507,0.0051,-0.122267516
0.592,77.05132428,0.0051,-0.144433027
0.593,36.81245527,0.0052,-0.158611123
0.594,-12.53332336,0.0053,-0.162706955
0.595,-58.77852523,0.0053,-0.146923136
0.596,-90.48270525,0.0053,-0.103382775
0.597,-99.80267284,0.0054,-0.036213346
0.598,-84.43279255,0.005351,0.036990674
0.599,-48.17536741,0.005339,0.094421215
0.6,-1.18E-12,0.00531,0.123114155
0.601,48.17536741,0.0053,0.125797627
0.602,84.43279255,0.0052,0.116587201
0.603,99.80267284,0.0051,0.109123871
0.604,90.48270525,0.0051,0.106189244
0.605,58.77852523,0.005,0.098590142
0.606,12.53332336,0.0048,0.074076207
0.607,-36.81245527,0.0048,0.029116034
0.608,-77.05132428,0.0047,-0.026160364
0.609,-98.22872507,0.0045,-0.073991825
0.61,-95.10565163,0.0045,-0.100967026
0.611,-68.45471059,0.0043,-0.106188322
0.612,-24.86898872,0.0041,-0.099374596
0.613,24.86898872,0.004,-0.09091816
0.614,68.45471059,0.0039,-0.0821043
0.615,95.10565163,0.0037,-0.063488471
0.616,98.22872507,0.0035,-0.023163889
0.617,77.05132428,0.0033,0.041274584
0.618,36.81245527,0.0031,0.116774492
0.619,-12.53332336,0.003,0.180256141
0.62,-58.77852523,0.0027,0.211724401
0.621,-90.48270525,0.0025,0.205233403
0.622,-99.80267284,0.002,0.16989369
0.623,-84.43279255,0.002,0.121126273
0.624,-48.17536741,0.002,0.06958727
0.625,1.96E-13,0.002,0.016355889
0.626,48.17536741,0.001,-0.042298297
0.627,84.43279255,0.002,-0.105053678
0.628,99.80267284,0.001,-0.159547111
0.629,90.48270525,0,-0.186418215
0.63,58.77852523,0.001,-0.171202257
0.631,12.53332336,0,-0.114989297
0.632,-36.81245527,0.001,-0.035401825
0.633,-77.05132428,0,0.043052847
0.634,-98.22872507,0,0.102250439
0.635,-95.10565163,-0.001,0.138013081
0.636,-68.45471059,0,0.157207573
0.637,-24.86898872,-0.001,0.167536193
0.638,24.86898872,-0.001,0.168707719
0.639,68.45471059,-0.001,0.152413741
0.64,95.10565163,-0.002,0.111057121
0.641,98.22872507,-0.001,0.047570762
0.642,77.05132428,-0.002,-0.022415886
0.643,36.81245527,-0.002,-0.078455138
0.644,-12.53332336,-0.0018,-0.107425059
0.645,-58.77852523,-0.0021,-0.110810115
0.646,-90.48270525,-0.0022,-0.101687393
0.647,-99.80267284,-0.0023,-0.093712285
0.648,-84.43279255,-0.0025,-0.090512867
0.649,-48.17536741,-0.0025,-0.083728677
0.65,1.57E-12,-0.0026,-0.061159169
0.651,48.17536741,-0.0027,-0.018292715
0.652,84.43279255,-0.0028,0.036214913
0.653,99.80267284,-0.0029,0.085414974
0.654,90.48270525,-0.0029,0.11517483
0.655,58.77852523,-0.0029,0.122701923
0.656,12.53332336,-0.0031,0.116040088
0.657,-36.81245527,-0.003,0.105289059
0.658,-77.05132428,-0.0031,0.092833308
0.659,-98.22872507,-0.0031,0.070817008
0.66,-95.10565163,-0.0031,0.028400601
0.661,-68.45471059,-0.0031,-0.036815706
0.662,-24.86898872,-0.0031,-0.112628236
0.663,24.86898872,-0.003,-0.176761665
0.664,68.45471059,-0.003,-0.209072408
0.665,95.10565163,-0.003,-0.202541284
0.666,98.22872507,-0.0029,-0.165360103
0.667,77.05132428,-0.0029,-0.113273032
0.668,36.81245527,-0.0028,-0.058533324
0.669,-12.53332336,-0.0027,-0.004103635
0.67,-58.77852523,-0.0027,0.05273194
0.671,-90.48270525,-0.0026,0.111099316
0.672,-99.80267284,-0.0025,0.160294873
0.673,-84.43279255,-0.0024,0.182822244
0.674,-48.17536741,-0.0024,0.165111618
0.675,2.94E-12,-0.0023,0.107785632
0.676,48.17536741,-0.0022,0.027415497
0.677,84.43279255,-0.0021,-0.051951728
0.678,99.80267284,-0.002,-0.11165273
0.679,90.48270525,-0.0019,-0.146610604
0.68,58.77852523,-0.00178,-0.163400195
0.681,12.53332336,-0.00167,-0.170532024
0.682,-36.81245527,-0.001556,-0.169342748
0.683,-77.05132428,-0.001442,-0.153042657
0.684,-98.22872507,-0.001332,-0.114374406
0.685,-95.10565163,-0.00122,-0.055051562
0.686,-68.45471059,-0.00112,0.011276353
0.687,-24.86898872,-0.00102,0.065499327
0.688,24.86898872,-0.00093,0.094400448
0.689,68.45471059,-0.00083,0.09834461
0.69,95.10565163,-0.00076,0.089323544
0.691,98.22872507,-0.00067,0.080731689
0.692,77.05132428,-0.0006,0.076815183
0.693,36.81245527,-0.00053,0.070087853
0.694,-12.53332336,-0.00044,0.048592836
0.695,-58.77852523,-0.0004,0.006982045
0.696,-90.48270525,-0.0003,-0.047470086
0.697,-99.80267284,-0.0003,-0.098539352
0.698,-84.43279255,-1.00E-04,-0.131386473
0.699,-48.17536741,-0.0002,-0.141484986
0.7,-1.37E-12,0,-0.135320942
0.701,48.17536741,-0.0001,-0.122616447
0.702,84.43279255,0.0001,-0.106721455
0.703,99.80267284,0,-0.081423774
0.704,90.48270525,1.00E-04,-0.037148312
0.705,58.77852523,0,0.0283845
0.706,12.53332336,0.0001,0.103846231
0.707,-36.81245527,1.00E-04,0.167841159
0.708,-77.05132428,0,0.200199597
0.709,-98.22872507,0.0001,0.193036847
0.71,-95.10565163,0,0.153781162
0.711,-68.45471059,-0.0001,0.098413869
0.712,-24.86898872,0,0.040537517
0.713,24.86898872,-1.00E-04,-0.015137283
0.714,68.45471059,-0.0002,-0.070252649
0.715,95.10565163,-0.0001,-0.124302998
0.716,98.22872507,-0.0003,-0.168259887
0.717,77.05132428,-0.0002,-0.186530725
0.718,36.81245527,-0.0004,-0.166462113
0.719,-12.53332336,-0.0003,-0.108269476
0.72,-58.77852523,-0.0005,-0.02752858
0.721,-90.48270525,-0.0005,0.052278623
0.722,-99.80267284,-0.0006,0.112203509
0.723,-84.43279255,-0.0007,0.146427407
0.724,-48.17536741,-0.0008,0.161144209
0.725,4.95E-16,-0.0008,0.165477857
0.726,48.17536741,-0.001,0.162281012
0.727,84.43279255,-0.001,0.14625366
0.728,99.80267284,-0.0012,0.110468497
0.729,90.48270525,-0.0012,0.055460377
0.73,58.77852523,-0.0014,-0.007009027
0.731,12.53332336,-0.0014,-0.05915665
0.732,-36.81245527,-0.0015,-0.087804641
0.733,-77.05132428,-0.0016,-0.09230657
0.734,-98.22872507,-0.0016,-0.083470142
0.735,-95.10565163,-0.0018,-0.0742047
0.736,-68.45471059,-0.0018,-0.069242467
0.737,-24.86898872,-0.0018,-0.061992964
0.738,24.86898872,-0.0019,-0.04083434
0.739,68.45471059,-0.002,2.89E-04
0.74,95.10565163,-0.0021,0.055317066
0.741,98.22872507,-0.0021,0.10865778
0.742,77.05132428,-0.0022,0.144852394
0.743,36.81245527,-0.0022,0.157809031
0.744,-12.53332336,-0.0023,0.152498708
0.745,-58.77852523,-0.0023,0.138166785
0.746,-90.48270525,-0.0024,0.119067257
0.747,-99.80267284,-0.0024,0.090702306
0.748,-84.43279255,-0.0024,0.044878853
0.749,-48.17536741,-0.0024,-0.020479436
0.75,-4.31E-12,-0.0024,-0.094869718
0.751,48.17536741,-0.0024,-0.157800407
0.752,84.43279255,-0.0023,-0.189252616
0.753,99.80267284,-0.0023,-0.180733123
0.754,90.48270525,-0.0023,-0.139024707
0.755,58.77852523,-0.0022,-0.080233354
0.756,12.53332336,-0.0022,-0.019120948
0.757,-36.81245527,-0.0021,0.037951653
0.758,-77.05132428,-0.002,0.09156467
0.759,-98.22872507,-0.002,0.141579275
0.76,-95.10565163,-0.0019,0.180625825
0.761,-68.45471059,-0.0018,0.194987379
0.762,-24.86898872,-0.0017,0.172960281
0.763,24.86898872,-0.0016,0.114451529
0.764,68.45471059,-0.0015,0.034058156
0.765,95.10565163,-0.0014,-0.045471563
0.766,98.22872507,-0.0012,-0.105135281
0.767,77.05132428,-0.0011,-0.138466502
0.768,36.81245527,-0.001,-0.151200164
0.769,-12.53332336,-0.0007,-0.152930156
0.77,-58.77852523,-0.0007,-0.147885426
0.771,-90.48270525,-0.0004,-0.132143526
0.772,-99.80267284,-0.0003,-0.099089107
0.773,-84.43279255,-0.0001,-0.04818981
0.774,-48.17536741,0.0001,0.010554733
0.775,-2.94E-12,0.0003,0.060698869
0.776,48.17536741,0.0004,0.089218609
0.777,84.43279255,0.0007,0.094501965
0.778,99.80267284,0.0008,0.086078809
0.779,90.48270525,0.001,0.076235839
0.78,58.77852523,0.0012,0.070105826
0.781,12.53332336,0.0014,0.061975287
0.782,-36.81245527,0.0016,0.040622438
0.783,-77.05132428,0.0017,-5.46E-04
0.784,-98.22872507,0.002,-0.05650427
0.785,-95.10565163,0.0022,-0.11225198
0.786,-68.45471059,0.0024,-0.15184399
0.787,-24.86898872,0.0025,-0.167764981
0.788,24.86898872,0.0028,-0.163492296
0.789,68.45471059,0.003,-0.147737955
0.79,95.10565163,0.0031,-0.125625863
0.791,98.22872507,0.0033,-0.09438442
0.792,77.05132428,0.0036,-0.047251181
0.793,36.81245527,0.0036,0.017550031
0.794,-12.53332336,0.0038,0.090243054
0.795,-58.77852523,0.004,0.151266392
0.796,-90.48270525,0.0041,0.180947745
0.797,-99.80267284,0.0042,0.170408039
0.798,-84.43279255,0.0044,0.125859065
0.799,-48.17536741,0.0045,0.063447829
0.8,-1.57E-12,0.0045,-0.001033842
0.801,48.17536741,0.0047,-0.059677728
0.802,84.43279255,0.0048,-0.112065246
0.803,99.80267284,0.0049,-0.158424072
0.804,90.48270525,0.0049,-0.192982727
0.805,58.77852523,0.00506,-0.203868689
0.806,12.53332336,0.0051,-0.18040163
0.807,-36.81245527,0.00514,-0.122281409
0.808,-77.05132428,0.00518,-0.043103316
0.809,-98.22872507,0.00522,0.035288757
0.81,-95.10565163,0.0052,0.094028525
0.811,-68.45471059,0.0052,0.126094777
0.812,-24.86898872,0.0052,0.136741179
0.813,24.86898872,0.0051,0.135910354
0.814,68.45471059,0.0051,0.12902015
0.815,95.10565163,0.0051,0.113372868
0.816,98.22872507,0.005,0.082660732
0.817,77.05132428,0.0049,0.035408187
0.818,36.81245527,0.0048,-0.020044074
0.819,-12.53332336,0.0047,-0.068596224
0.82,-58.77852523,0.0047,-0.097433152
0.821,-90.48270525,0.0045,-0.103978701
0.822,-99.80267284,0.0044,-0.096419323
0.823,-84.43279255,0.0043,-0.086324414
0.824,-48.17536741,0.0041,-0.079133951
0.825,-5.88E-12,0.004,-0.06997442
0.826,48.17536741,0.0039,-0.048118742
0.827,84.43279255,0.0037,-0.006643363
0.828,99.80267284,0.0031,0.050286533
0.829,90.48270525,0.004,0.108261269
0.83,58.77852523,0.003,0.150977628
0.831,12.53332336,0.003,0.169628307
0.832,-36.81245527,0.002,0.166259237
0.833,-77.05132428,0.003,0.149050406
0.834,-98.22872507,0.002,0.123956679
0.835,-95.10565163,0.002,0.089887665
0.836,-68.45471059,0.002,0.041528079
0.837,-24.86898872,0.001,-0.022498099
0.838,24.86898872,0.002,-0.093055969
0.839,68.45471059,0.001,-0.151565714
0.84,95.10565163,0.001,-0.178877662
0.841,98.22872507,0,-0.165891813
0.842,77.05132428,0.001,-0.11830087
0.843,36.81245527,0,-0.052234975
0.844,-12.53332336,0,0.015605082
0.845,-58.77852523,0,0.075896726
0.846,-90.48270525,-0.001,0.127294926
0.847,-99.80267284,0,0.170355702
0.848,-84.43279255,-0.001,0.200814127
0.849,-48.17536741,-0.001,0.208619204
0.85,-4.51E-12,-0.002,0.184193011
0.851,48.17536741,-0.002,0.127108556
0.852,84.43279255,-0.001,0.049937002
0.853,99.80267284,-0.002,-0.026504384
0.854,90.48270525,-0.003,-0.083636817
0.855,58.77852523,-0.002,-0.113998186
0.856,12.53332336,-0.003,-0.122377269
0.857,-36.81245527,-0.002,-0.11894679
0.858,-77.05132428,-0.003,-0.110114138
0.859,-98.22872507,-0.003,-0.094266525
0.86,-95.10565163,-0.0037,-0.065412196
0.861,-68.45471059,-0.0033,-0.021232171
0.862,-24.86898872,-0.0035,0.031517277
0.863,24.86898872,-0.0036,0.079074079
0.864,68.45471059,-0.0037,0.108851193
0.865,95.10565163,-0.0038,0.117311423
0.866,98.22872507,-0.0039,0.111259223
0.867,77.05132428,-0.0041,0.101450036
0.868,36.81245527,-0.004,0.093510764
0.869,-12.53332336,-0.0042,0.083368311
0.87,-58.77852523,-0.0042,0.060907491
0.871,-90.48270525,-0.0043,0.019087365
0.872,-99.80267284,-0.0042,-0.038629608
0.873,-84.43279255,-0.0043,-0.098406898
0.874,-48.17536741,-0.0043,-0.143680024
0.875,-3.14E-12,-0.0043,-0.164485588
0.876,48.17536741,-0.0042,-0.161550215
0.877,84.43279255,-0.0043,-0.142560655
0.878,99.80267284,-0.0041,-0.114259524
0.879,90.48270525,-0.0042,-0.077180958
0.88,58.77852523,-0.0041,-0.027474325
0.881,12.53332336,-0.004,0.035752296
0.882,-36.81245527,-0.00399,0.103961052
0.883,-77.05132428,-0.00391,0.159625951
0.884,-98.22872507,-0.00383,0.18427248
0.885,-95.10565163,-0.00376,0.168718688
0.886,-68.45471059,-0.00366,0.118194341
0.887,-24.86898872,-0.00356,0.048757523
0.888,24.86898872,-0.00349,-0.022133731
0.889,68.45471059,-0.0033,-0.083909541
0.89,95.10565163,-0.0032,-0.134369096
0.891,98.22872507,-0.0031,-0.174337906
0.892,77.05132428,-0.003,-0.200956965
0.893,36.81245527,-0.0028,-0.20596099
0.894,-12.53332336,-0.0026,-0.180915091
0.895,-58.77852523,-0.0025,-0.125314356
0.896,-90.48270525,-0.0024,-0.05070259
0.897,-99.80267284,-0.0022,0.023202232
0.898,-84.43279255,-0.0021,0.078232995
0.899,-48.17536741,-0.0019,0.106600108
0.9,-1.76E-12,-0.0018,0.112638319
0.901,48.17536741,-0.0016,0.106623029
0.902,84.43279255,-0.0015,0.095768118
0.903,99.80267284,-0.0014,0.079437437
0.904,90.48270525,-0.0013,0.051971746
0.905,58.77852523,-0.0011,0.010294745
0.906,12.53332336,-0.0009,-0.040343808
0.907,-36.81245527,-0.0009,-0.087488866
0.908,-77.05132428,-0.0007,-0.118799584
0.909,-98.22872507,-0.0005,-0.129812092
0.91,-95.10565163,-0.0005,-0.125935388
0.911,-68.45471059,-0.0003,-0.117012284
0.912,-24.86898872,-0.0002,-0.108730397
0.913,24.86898872,0,-0.09777986
0.914,68.45471059,0,-0.074762317
0.915,95.10565163,1.00E-04,-0.032701329
0.916,98.22872507,0.0003,0.025496284
0.917,77.05132428,0.0003,0.086523987
0.918,36.81245527,0.0003,0.133624611
0.919,-12.53332336,0.0005,0.155818052
0.92,-58.77852523,0.0005,0.152640633
0.921,-90.48270525,0.0005,0.131327838
0.922,-99.80267284,0.0006,0.099367726
0.923,-84.43279255,0.0006,0.058877572
0.924,-48.17536741,0.0007,0.007498818
0.925,-3.91E-13,0.0007,-0.055108898
0.926,48.17536741,0.0007,-0.120981417
0.927,84.43279255,0.0007,-0.173714358
0.928,99.80267284,0.0008,-0.195646709
0.929,90.48270525,0.0008,-0.177661401
0.93,58.77852523,0.0008,-0.124601399
0.931,12.53332336,0.0008,-0.052395772
0.932,-36.81245527,0.0007,0.020915216
0.933,-77.05132428,0.0008,0.083699136
0.934,-98.22872507,0.0007,0.13297914
0.935,-95.10565163,0.0006,0.169807567
0.936,-68.45471059,0.0007,0.192642307
0.937,-24.86898872,0.0005,0.194946218
0.938,24.86898872,0.0006,0.169422056
0.939,68.45471059,0.0004,0.115508909
0.94,95.10565163,0.0004,0.043727613
0.941,98.22872507,0.0003,-0.027359067
0.942,77.05132428,0.0003,-0.08010895
0.943,36.81245527,0.0002,-0.106499235
0.944,-12.53332336,0.0002,-0.110392789
0.945,-58.77852523,0.0001,-0.102027274
0.946,-90.48270525,0,-0.089250925
0.947,-99.80267284,-0.0001,-0.072306139
0.948,-84.43279255,-0.0001,-0.045880462
0.949,-48.17536741,-1.00E-04,-0.006234989
0.95,-4.70E-12,-0.0003,0.042776801
0.951,48.17536741,-0.0003,0.089947621
0.952,84.43279255,-0.0004,0.123203543
0.953,99.80267284,-0.0004,0.137211165
0.954,90.48270525,-0.0006,0.135992234
0.955,58.77852523,-0.0006,0.12840132
0.956,12.53332336,-0.0007,0.120088416
0.957,-36.81245527,-0.0007,0.10847997
0.958,-77.05132428,-0.0008,0.084974713
0.959,-98.22872507,-0.0009,0.042805966
0.96,-95.10565163,-0.0009,-0.015542926
0.961,-68.45471059,-0.0009,-0.077248128
0.962,-24.86898872,-0.0009,-0.125428419
0.963,24.86898872,-0.001,-0.148230494
0.964,68.45471059,-0.001,-0.144121151
0.965,95.10565163,-0.001,-0.119910916
0.966,98.22872507,-0.001,-0.083786431
0.967,77.05132428,-0.001,-0.03940924
0.968,36.81245527,-0.001,0.01406832
0.969,-12.53332336,-0.001,0.076380527
0.97,-58.77852523,-0.001,0.140105743
0.971,-90.48270525,-0.001,0.190001714
0.972,-99.80267284,-0.001,0.209342265
0.973,-84.43279255,-0.0009,0.18922815
0.974,-48.17536741,-0.0009,0.134203727
0.975,-3.33E-12,-0.0009,0.060018409
0.976,48.17536741,-0.0008,-0.01487223
0.977,84.43279255,-0.0007,-0.077949846
0.978,99.80267284,-0.0007,-0.125551007
0.979,90.48270525,-0.0006,-0.158939417
0.98,58.77852523,-0.0004,-0.177817051
0.981,12.53332336,-0.0004,-0.177306318
0.982,-36.81245527,-0.0003,-0.151222541
0.983,-77.05132428,-0.0001,-0.098962842
0.984,-98.22872507,-0.0001,-0.030027486
0.985,-95.10565163,0.0001,0.038238002
0.986,-68.45471059,0.0002,0.088830328
0.987,-24.86898872,0.0003,0.113574377
0.988,24.86898872,0.0005,0.115829113
0.989,68.45471059,0.0005,0.105651512
0.99,95.10565163,0.0007,0.091348934
0.991,98.22872507,0.0009,0.07392705
0.992,77.05132428,0.001,0.048418212
0.993,36.81245527,0.0011,0.010523899
0.994,-12.53332336,0.0013,-0.037159935
0.995,-58.77852523,0.0014,-0.084588819
0.996,-90.48270525,0.0016,-0.119962531
0.997,-99.80267284,0.0018,-0.137129442
0.998,-84.43279255,0.0019,-0.138741292
0.999,-48.17536741,0.0021,-0.132621029
1,-1.96E-12,0.0022,-0.124321905
